epoch,train_loss,val_loss,val_ppl,best
1,7.828122,7.405002,1644.188317,YES
1,7.828122,7.405002,1644.188317,YES
