epoch,train_loss,val_loss,val_ppl,best
1,7.678871,7.059404,1163.751243,YES
1,7.678871,7.059404,1163.751243,YES
