epoch,train_loss,val_loss,val_ppl,best
1,7.675432,7.029276,1129.212645,YES
1,7.675432,7.029276,1129.212645,YES
